product,capacity,price,key
Cfd Beras Setra Ramos 20...,20000.00GR x 1,"Rp 177.900,-",0.512045473086
Topi Koki Setra Ramos 10 Kg,10.00KG x 1,"Rp 171.080,-",0.485322591657
Sipulen Pandan Wangi 5kg,5000.00GR x 1,"Rp 87.900,-",0.0455017701069
Topi Koki Pandan Wangi 5 Kg,5.00KG x 1,"Rp 89.390,-",0.232484486444
Sipulen Mg Mutiara 5 Kg,5000.00GR x 1,"Rp 87.900,-",0.244366904678
Sipulen Lg Cristal 5 Kg,5000.00GR x 1,"Rp 85.500,-",0.396779372643
Topi Koki Setra Ramos 5 Kg,5.00KG x 1,"Rp 81.490,-",0.231480793379
Cf Beras Pandan Wangi 5 ...,5000.00GR x 1,"Rp 74.000,-",0.868374016692
Cfd Beras Pandan Wangi 5...,5000.00GR x 1,"Rp 49.900,-",0.437667820399
Cfd Beras Pandan Wangi 5...,5000.00GR x 1,"Rp 49.900,-",0.963835181903
Cfd Beras Setra Ramos 5 ...,5000.00GR x 1,"Rp 45.900,-",0.138863988997
Idm Ayam Bawang 69 Gr,69.00GR x 1,,0.987523191569
Idm Kari Ayam Bawang Grg...,72.00GR x 1,,0.691961278224
Sedaap Mie Goreng 90gr,90.00GR x 1,,0.831156934681
Idm Goreng Special Baru ...,85.00GR x 1,,0.269444250753
Energen Oat Milk Mix Ber...,24.00GR x 10,,0.45229851256
Pampers Orange Simply Dr...,10.00S x 1,,0.846260800943
Mr.brown Cappuccino Iced...,240.00CAN x 1,,0.935799358254
Kapal Api Susu 31 Grx10,31.00GR x 1,,0.427717848195
Topi Koki Setra Ramos 20 Kg,20.00KG x 1,"Rp 368.990,-",0.586137260005
Topi Koki Setra Ramos 10 Kg,10.00KG x 1,"Rp 196.250,-",0.829389723219
Sipulen Pandan Wangi 10 Kg,10000.00GR x 1,"Rp 191.790,-",0.0520264404046
Topi Koki Pandan Wangi 5 Kg,5.00KG x 1,"Rp 107.700,-",0.192650618385
Sipulen Pandan Wangi 5kg,5000.00GR x 1,"Rp 99.990,-",0.0117407879249
Topi Koki Setra Ramos 5 Kg,5.00KG x 1,"Rp 97.390,-",0.757534518769
Sipulen Mg Mutiara 5 Kg,5000.00GR x 1,"Rp 87.900,-",0.197194886794
Sipulen Lg Cristal 5 Kg,5000.00GR x 1,"Rp 77.900,-",0.634628802202
Cf Beras Pandan Wangi 5 ...,5000.00GR x 1,"Rp 76.500,-",0.382911286551
Cfd Beras Pandan Wangi 5...,5000.00GR x 1,"Rp 50.900,-",0.977899985927
Cfd Beras Pandan Wangi 5...,5000.00GR x 1,"Rp 50.900,-",0.0923502696157
Cfd Beras Setra Ramos 5 ...,5000.00GR x 1,"Rp 47.900,-",0.62125900532
Cfd Beras Setra Ramos 5 ...,5000.00GR x 1,"Rp 47.900,-",0.864608196024
